[
  {
    "id": "TouristRegion:3-valleys_poi",
    "name": "3 Valleys",
    "slug": "3-valleys",
    "type": "TouristRegion",
    "code": null,
    "city": null,
    "country": null,
    "country_code": null,
    "lat": null,
    "lng": null
  },
  {
    "id": "TouristRegion:4-valleys_poi",
    "name": "4 Valleys",
    "slug": "4-valleys",
    "type": "TouristRegion",
    "code": null,
    "city": null,
    "country": null,
    "country_code": null,
    "lat": null,
    "lng": null
  },
  {
    "id": "POI:798-art-district-beijing_poi",
    "name": "798 Art District, Beijing",
    "slug": "798-art-district",
    "type": "POI",
    "code": null,
    "city": null,
    "country": null,
    "country_code": null,
    "lat": 39.983694,
    "lng": 116.486865
  },
  {
    "id": "City:a-coruna_es",
    "name": "A Coru\u00f1a",
    "slug": "a-coruna-spain",
    "type": "City",
    "code": null,
    "city": null,
    "country": "Spain",
    "country_code": "ES",
    "lat": 43.362344,
    "lng": -8.41154
  },
  {
    "id": "Station:airport:LCG",
    "name": "A Coru\u00f1a",
    "slug": "a-coruna-a-coruna-spain-1",
    "type": "AIRPORT",
    "code": null,
    "city": "A Coru\u00f1a",
    "country": "Spain",
    "country_code": "ES",
    "lat": 43.302222,
    "lng": -8.377222
  },
  {
    "id": "Station:airport:AAP",
    "name": "APT Pranoto Airport",
    "slug": "apt-pranoto-airport-samarinda-indonesia",
    "type": "AIRPORT",
    "code": null,
    "city": "Samarinda",
    "country": "Indonesia",
    "country_code": "ID",
    "lat": -0.373611,
    "lng": 117.255556
  },
  {
    "id": "City:aalborg_dk",
    "name": "Aalborg",
    "slug": "aalborg-denmark",
    "type": "City",
    "code": null,
    "city": null,
    "country": "Denmark",
    "country_code": "DK",
    "lat": 57.04882,
    "lng": 9.921747
  },
  {
    "id": "Station:airport:AAL",
    "name": "Aalborg",
    "slug": "aalborg-aalborg-denmark",
    "type": "AIRPORT",
    "code": null,
    "city": "Aalborg",
    "country": "Denmark",
    "country_code": "DK",
    "lat": 57.092778,
    "lng": 9.849167
  },
  {
    "id": "Station:airport:AOQ",
    "name": "Aappilattoq-Upernavik Heliport",
    "slug": "aappilattoq-upernavik-heliport-aappilattoq-greenland",
    "type": "AIRPORT",
    "code": null,
    "city": "Aappilattoq",
    "country": "Greenland",
    "country_code": "GL",
    "lat": 72.886944,
    "lng": -55.596111
  },
  {
    "id": "TouristRegion:aargau_poi",
    "name": "Aargau",
    "slug": "aargau",
    "type": "TouristRegion",
    "code": null,
    "city": null,
    "country": null,
    "country_code": null,
    "lat": null,
    "lng": null
  },
  {
    "id": "City:aarhus_dk",
    "name": "Aarhus",
    "slug": "aarhus-denmark",
    "type": "City",
    "code": null,
    "city": null,
    "country": "Denmark",
    "country_code": "DK",
    "lat": 56.162939,
    "lng": 10.203921
  },
  {
    "id": "Station:airport:AAR",
    "name": "Aarhus",
    "slug": "aarhus-aarhus-denmark",
    "type": "AIRPORT",
    "code": null,
    "city": "Aarhus",
    "country": "Denmark",
    "country_code": "DK",
    "lat": 56.303889,
    "lng": 10.619444
  },
  {
    "id": "City:aba-hongyuan_cn",
    "name": "Aba Hongyuan",
    "slug": "aba-hongyuan-china",
    "type": "City",
    "code": null,
    "city": null,
    "country": "China",
    "country_code": "CN",
    "lat": 32.7909,
    "lng": 102.5444
  },
  {
    "id": "Station:airport:DIR",
    "name": "Aba Tenna Dejazmach Yilma International",
    "slug": "aba-tenna-dejazmach-yilma-international-dire-dawa-ethiopia",
    "type": "AIRPORT",
    "code": null,
    "city": "Dire Dawa",
    "country": "Ethiopia",
    "country_code": "ET",
    "lat": 9.624722,
    "lng": 41.854167
  },
  {
    "id": "Station:airport:BJA",
    "name": "Abane Ramdane",
    "slug": "abane-ramdane-bejaia-algeria",
    "type": "AIRPORT",
    "code": null,
    "city": "B\u00e9ja\u00efa",
    "country": "Algeria",
    "country_code": "DZ",
    "lat": 36.711944,
    "lng": 5.07
  },
  {
    "id": "City:abbotsford_bc_ca",
    "name": "Abbotsford",
    "slug": "abbotsford-british-columbia-canada",
    "type": "City",
    "code": null,
    "city": null,
    "country": "Canada",
    "country_code": "CA",
    "lat": 49.050438,
    "lng": -122.30447
  },
  {
    "id": "Station:airport:YXX",
    "name": "Abbotsford International",
    "slug": "abbotsford-international-abbotsford-british-columbia-canada",
    "type": "AIRPORT",
    "code": null,
    "city": "Abbotsford",
    "country": "Canada",
    "country_code": "CA",
    "lat": 49.025278,
    "lng": -122.36056
  },
  {
    "id": "Station:airport:TID",
    "name": "Abdelhafid Boussouf Bou Chekif",
    "slug": "abdelhafid-boussouf-bou-chekif-tiaret-algeria",
    "type": "AIRPORT",
    "code": null,
    "city": "Tiaret",
    "country": "Algeria",
    "country_code": "DZ",
    "lat": 35.341667,
    "lng": 1.466944
  },
  {
    "id": "Station:airport:MLG",
    "name": "Abdul Rachman Saleh",
    "slug": "abdul-rachman-saleh-malang-indonesia",
    "type": "AIRPORT",
    "code": null,
    "city": "Malang",
    "country": "Indonesia",
    "country_code": "ID",
    "lat": -7.926667,
    "lng": 112.714444
  },
  {
    "id": "Station:airport:ZNZ",
    "name": "Abeid Amani Karume International",
    "slug": "abeid-amani-karume-international-zanzibar-tanzania",
    "type": "AIRPORT",
    "code": null,
    "city": "Zanzibar",
    "country": "Tanzania",
    "country_code": "TZ",
    "lat": -6.221944,
    "lng": 39.225
  },
  {
    "id": "City:aberdeen_gb",
    "name": "Aberdeen",
    "slug": "aberdeen-united-kingdom",
    "type": "City",
    "code": null,
    "city": null,
    "country": "United Kingdom",
    "country_code": "GB",
    "lat": 57.149717,
    "lng": -2.094278
  },
  {
    "id": "Station:airport:ABZ",
    "name": "Aberdeen",
    "slug": "aberdeen-aberdeen-united-kingdom",
    "type": "AIRPORT",
    "code": null,
    "city": "Aberdeen",
    "country": "United Kingdom",
    "country_code": "GB",
    "lat": 57.204167,
    "lng": -2.200278
  },
  {
    "id": "Station:airport:ABR",
    "name": "Aberdeen Regional",
    "slug": "aberdeen-regional-aberdeen-south-dakota-united-states",
    "type": "AIRPORT",
    "code": null,
    "city": "Aberdeen",
    "country": "United States",
    "country_code": "US",
    "lat": 45.453611,
    "lng": -98.425556
  },
  {
    "id": "City:abha_sa",
    "name": "Abha",
    "slug": "abha-saudi-arabia",
    "type": "City",
    "code": null,
    "city": null,
    "country": "Saudi Arabia",
    "country_code": "SA",
    "lat": 18.246468,
    "lng": 42.511724
  },
  {
    "id": "Station:airport:AHB",
    "name": "Abha Regional",
    "slug": "abha-regional-abha-saudi-arabia",
    "type": "AIRPORT",
    "code": null,
    "city": "Abha",
    "country": "Saudi Arabia",
    "country_code": "SA",
    "lat": 18.240278,
    "lng": 42.656667
  },
  {
    "id": "City:abidjan_ci",
    "name": "Abidjan",
    "slug": "abidjan-cote-d-ivoire",
    "type": "City",
    "code": null,
    "city": null,
    "country": "C\u00f4te d\u2019Ivoire",
    "country_code": "CI",
    "lat": 5.359952,
    "lng": -4.008256
  },
  {
    "id": "Station:airport:ABI",
    "name": "Abilene Regional",
    "slug": "abilene-regional-abilene-texas-united-states",
    "type": "AIRPORT",
    "code": null,
    "city": "Abilene",
    "country": "United States",
    "country_code": "US",
    "lat": 32.411389,
    "lng": -99.681944
  },
  {
    "id": "Station:airport:SPI",
    "name": "Abraham Lincoln Capital",
    "slug": "abraham-lincoln-capital-springfield-illinois-united-states",
    "type": "AIRPORT",
    "code": null,
    "city": "Springfield",
    "country": "United States",
    "country_code": "US",
    "lat": 39.844167,
    "lng": -89.677778
  },
  {
    "id": "Subdivision:AB_IT",
    "name": "Abruzzi",
    "slug": "abruzzi-italy",
    "type": "Subdivision",
    "code": null,
    "city": null,
    "country": null,
    "country_code": null,
    "lat": 42.291458,
    "lng": 13.851508
  },
  {
    "id": "Station:airport:PSR",
    "name": "Abruzzo",
    "slug": "abruzzo-pescara-italy",
    "type": "AIRPORT",
    "code": null,
    "city": "Pescara",
    "country": "Italy",
    "country_code": "IT",
    "lat": 42.431667,
    "lng": 14.186667
  },
  {
    "id": "TouristRegion:abruzzo-coast_poi",
    "name": "Abruzzo Coast",
    "slug": "abruzzo-coast",
    "type": "TouristRegion",
    "code": null,
    "city": null,
    "country": null,
    "country_code": null,
    "lat": null,
    "lng": null
  },
  {
    "id": "City:abu-dhabi_ae",
    "name": "Abu Dhabi",
    "slug": "abu-dhabi-united-arab-emirates",
    "type": "City",
    "code": null,
    "city": null,
    "country": "United Arab Emirates",
    "country_code": "AE",
    "lat": 24.453884,
    "lng": 54.377344
  },
  {
    "id": "POI:abu-dhabi-island_poi",
    "name": "Abu Dhabi (island)",
    "slug": "abu-dhabi-island-",
    "type": "POI",
    "code": null,
    "city": null,
    "country": null,
    "country_code": null,
    "lat": 24.467,
    "lng": 54.367
  },
  {
    "id": "Station:airport:ABS",
    "name": "Abu Simbel",
    "slug": "abu-simbel-abu-simbel-egypt",
    "type": "AIRPORT",
    "code": null,
    "city": "Abu Simbel",
    "country": "Egypt",
    "country_code": "EG",
    "lat": 22.375833,
    "lng": 31.611667
  },
  {
    "id": "City:abu-simbel_eg",
    "name": "Abu Simbel",
    "slug": "abu-simbel-egypt",
    "type": "City",
    "code": null,
    "city": null,
    "country": "Egypt",
    "country_code": "EG",
    "lat": 22.374437,
    "lng": 31.602771
  },
  {
    "id": "POI:abu-simbel-egypt_poi",
    "name": "Abu Simbel, Egypt",
    "slug": "abu-simbel",
    "type": "POI",
    "code": null,
    "city": null,
    "country": null,
    "country_code": null,
    "lat": 22.337126,
    "lng": 31.626164
  },
  {
    "id": "City:abuja_ng",
    "name": "Abuja",
    "slug": "abuja-nigeria",
    "type": "City",
    "code": null,
    "city": null,
    "country": "Nigeria",
    "country_code": "NG",
    "lat": 9.076479,
    "lng": 7.398574
  },
  {
    "id": "TouristRegion:acadia-national-park_poi",
    "name": "Acadia National Park",
    "slug": "acadia-national-park",
    "type": "TouristRegion",
    "code": null,
    "city": null,
    "country": null,
    "country_code": null,
    "lat": null,
    "lng": null
  },
  {
    "id": "City:acapulco_mx",
    "name": "Acapulco",
    "slug": "acapulco-mexico",
    "type": "City",
    "code": null,
    "city": null,
    "country": "Mexico",
    "country_code": "MX",
    "lat": 16.853109,
    "lng": -99.823653
  },
  {
    "id": "Station:airport:ACA",
    "name": "Acapulco International",
    "slug": "acapulco-international-acapulco-mexico",
    "type": "AIRPORT",
    "code": null,
    "city": "Acapulco",
    "country": "Mexico",
    "country_code": "MX",
    "lat": 16.756944,
    "lng": -99.753889
  },
  {
    "id": "City:accra_gh",
    "name": "Accra",
    "slug": "accra-ghana",
    "type": "City",
    "code": null,
    "city": null,
    "country": "Ghana",
    "country_code": "GH",
    "lat": 5.603717,
    "lng": -0.186964
  },
  {
    "id": "TouristRegion:achensee_poi",
    "name": "Achensee",
    "slug": "achensee",
    "type": "TouristRegion",
    "code": null,
    "city": null,
    "country": null,
    "country_code": null,
    "lat": null,
    "lng": null
  },
  {
    "id": "TouristRegion:achterhoek_poi",
    "name": "Achterhoek",
    "slug": "achterhoek",
    "type": "TouristRegion",
    "code": null,
    "city": null,
    "country": null,
    "country_code": null,
    "lat": null,
    "lng": null
  },
  {
    "id": "POI:acropolis-of-athens_poi",
    "name": "Acropolis of Athens",
    "slug": "acropolis-of-athens",
    "type": "POI",
    "code": null,
    "city": null,
    "country": null,
    "country_code": null,
    "lat": 37.971727,
    "lng": 23.725803
  },
  {
    "id": "Station:airport:AIP",
    "name": "Adampur",
    "slug": "adampur-jalandhar-india",
    "type": "AIRPORT",
    "code": null,
    "city": "Jalandhar",
    "country": "India",
    "country_code": "IN",
    "lat": 31.433056,
    "lng": 75.760556
  },
  {
    "id": "City:addis-ababa_et",
    "name": "Addis Ababa",
    "slug": "addis-ababa-ethiopia",
    "type": "City",
    "code": null,
    "city": null,
    "country": "Ethiopia",
    "country_code": "ET",
    "lat": 8.980603,
    "lng": 38.75776
  },
  {
    "id": "Station:airport:ADD",
    "name": "Addis Ababa Bole International",
    "slug": "addis-ababa-bole-international-addis-ababa-ethiopia",
    "type": "AIRPORT",
    "code": null,
    "city": "Addis Ababa",
    "country": "Ethiopia",
    "country_code": "ET",
    "lat": 8.977778,
    "lng": 38.799444
  },
  {
    "id": "City:adelaide_sa_au",
    "name": "Adelaide",
    "slug": "adelaide-south-australia-australia",
    "type": "City",
    "code": null,
    "city": null,
    "country": "Australia",
    "country_code": "AU",
    "lat": -34.928499,
    "lng": 138.600746
  },
  {
    "id": "Station:airport:ADL",
    "name": "Adelaide",
    "slug": "adelaide-adelaide-south-australia-australia",
    "type": "AIRPORT",
    "code": null,
    "city": "Adelaide",
    "country": "Australia",
    "country_code": "AU",
    "lat": -34.945,
    "lng": 138.530556
  },
  {
    "id": "City:aden_ye",
    "name": "Aden",
    "slug": "aden-yemen",
    "type": "City",
    "code": null,
    "city": null,
    "country": "Yemen",
    "country_code": "YE",
    "lat": 12.779444,
    "lng": 45.036667
  },
  {
    "id": "Station:airport:MGQ",
    "name": "Aden Adde International",
    "slug": "aden-adde-international-mogadishu-somalia",
    "type": "AIRPORT",
    "code": null,
    "city": "Mogadishu",
    "country": "Somalia",
    "country_code": "SO",
    "lat": 2.014722,
    "lng": 45.305
  },
  {
    "id": "Station:airport:ADE",
    "name": "Aden International Airport",
    "slug": "aden-international-airport-aden-yemen",
    "type": "AIRPORT",
    "code": null,
    "city": "Aden",
    "country": "Yemen",
    "country_code": "YE",
    "lat": 12.8295,
    "lng": 45.028801
  },
  {
    "id": "TouristRegion:adirondack-mountains_poi",
    "name": "Adirondack Mountains",
    "slug": "adirondack-mountains",
    "type": "TouristRegion",
    "code": null,
    "city": null,
    "country": null,
    "country_code": null,
    "lat": null,
    "lng": null
  },
  {
    "id": "Station:airport:SLK",
    "name": "Adirondack Regional",
    "slug": "adirondack-regional-saranac-lake-new-york-united-states",
    "type": "AIRPORT",
    "code": null,
    "city": "Saranac Lake",
    "country": "United States",
    "country_code": "US",
    "lat": 44.385278,
    "lng": -74.206111
  },
  {
    "id": "Station:airport:SOC",
    "name": "Adisumarmo International",
    "slug": "adisumarmo-international-surakarta-indonesia",
    "type": "AIRPORT",
    "code": null,
    "city": "Surakarta",
    "country": "Indonesia",
    "country_code": "ID",
    "lat": -7.516111,
    "lng": 110.756944
  },
  {
    "id": "Station:airport:ADB",
    "name": "Adnan Menderes",
    "slug": "adnan-menderes-izmir-turkey",
    "type": "AIRPORT",
    "code": null,
    "city": "\u0130zmir",
    "country": "Turkey",
    "country_code": "TR",
    "lat": 38.2925,
    "lng": 27.156944
  },
  {
    "id": "Station:airport:MAD",
    "name": "Adolfo Su\u00e1rez Madrid\u2013Barajas",
    "slug": "adolfo-suarez-madrid-barajas-madrid-spain",
    "type": "AIRPORT",
    "code": null,
    "city": "Madrid",
    "country": "Spain",
    "country_code": "ES",
    "lat": 40.493611,
    "lng": -3.566667
  },
  {
    "id": "City:adrar_dz",
    "name": "Adrar",
    "slug": "adrar-algeria",
    "type": "City",
    "code": null,
    "city": null,
    "country": "Algeria",
    "country_code": "DZ",
    "lat": 27.971634,
    "lng": -0.186964
  },
  {
    "id": "TouristRegion:adrar-province_poi",
    "name": "Adrar Province",
    "slug": "adrar-province",
    "type": "TouristRegion",
    "code": null,
    "city": null,
    "country": null,
    "country_code": null,
    "lat": null,
    "lng": null
  },
  {
    "id": "City:adiyaman_tr",
    "name": "Ad\u0131yaman",
    "slug": "adiyaman-turkey",
    "type": "City",
    "code": null,
    "city": null,
    "country": "Turkey",
    "country_code": "TR",
    "lat": 37.76365,
    "lng": 38.277259
  },
  {
    "id": "Station:airport:ADF",
    "name": "Ad\u0131yaman",
    "slug": "adiyaman-adiyaman-turkey",
    "type": "AIRPORT",
    "code": null,
    "city": "Ad\u0131yaman",
    "country": "Turkey",
    "country_code": "TR",
    "lat": 37.731389,
    "lng": 38.468889
  },
  {
    "id": "TouristRegion:aegean-region_poi",
    "name": "Aegean Region",
    "slug": "aegean-region",
    "type": "TouristRegion",
    "code": null,
    "city": null,
    "country": null,
    "country_code": null,
    "lat": null,
    "lng": null
  },
  {
    "id": "Station:airport:AEP",
    "name": "Aeroparque Jorge Newbery",
    "slug": "aeroparque-jorge-newbery-buenos-aires-buenos-aires-argentina",
    "type": "AIRPORT",
    "code": null,
    "city": "Buenos Aires",
    "country": "Argentina",
    "country_code": "AR",
    "lat": -34.558889,
    "lng": -58.416389
  },
  {
    "id": "Station:airport:SJK",
    "name": "Aeroporto Internacional de S\u00e3o Jos\u00e9 dos Campos",
    "slug": "aeroporto-internacional-de-sao-jose-dos-campos-sao-jose-dos-campos-state-of-sao-paulo-brazil",
    "type": "AIRPORT",
    "code": null,
    "city": "Sao Jose Dos Campos",
    "country": "Brazil",
    "country_code": "BR",
    "lat": -23.225577,
    "lng": -45.862098
  },
  {
    "id": "Station:airport:RIH",
    "name": "Aeropuerto Internacional Cap. Scarlet Mart\u00ednez",
    "slug": "aeropuerto-internacional-cap-scarlet-martinez-penonome-panama",
    "type": "AIRPORT",
    "code": null,
    "city": "Penonom\u00e9",
    "country": "Panama",
    "country_code": "PA",
    "lat": 8.38638,
    "lng": -80.128393
  },
  {
    "id": "Country:AF",
    "name": "Afghanistan",
    "slug": "afghanistan",
    "type": "Country",
    "code": null,
    "city": null,
    "country": null,
    "country_code": null,
    "lat": 34.516667,
    "lng": 69.183333
  },
  {
    "id": "Station:airport:CWB",
    "name": "Afonso Pena International",
    "slug": "afonso-pena-international-curitiba-state-of-parana-brazil",
    "type": "AIRPORT",
    "code": null,
    "city": "Curitiba",
    "country": "Brazil",
    "country_code": "BR",
    "lat": -25.528611,
    "lng": -49.175833
  },
  {
    "id": "City:agadir_ma",
    "name": "Agadir",
    "slug": "agadir-morocco",
    "type": "City",
    "code": null,
    "city": null,
    "country": "Morocco",
    "country_code": "MA",
    "lat": 30.427755,
    "lng": -9.598107
  },
  {
    "id": "TouristRegion:agadir-ida-ou-tanane_poi",
    "name": "Agadir-Ida ou Tanane",
    "slug": "agadir-ida-ou-tanane",
    "type": "TouristRegion",
    "code": null,
    "city": null,
    "country": null,
    "country_code": null,
    "lat": null,
    "lng": null
  },
  {
    "id": "Station:airport:AGA",
    "name": "Agadir\u2013Al Massira",
    "slug": "agadir-al-massira-agadir-morocco",
    "type": "AIRPORT",
    "code": null,
    "city": "Agadir",
    "country": "Morocco",
    "country_code": "MA",
    "lat": 30.325,
    "lng": -9.413056
  },
  {
    "id": "City:agartala_in",
    "name": "Agartala",
    "slug": "agartala-india",
    "type": "City",
    "code": null,
    "city": null,
    "country": "India",
    "country_code": "IN",
    "lat": 23.831457,
    "lng": 91.286778
  },
  {
    "id": "Station:airport:IXA",
    "name": "Agartala",
    "slug": "agartala-agartala-india",
    "type": "AIRPORT",
    "code": null,
    "city": "Agartala",
    "country": "India",
    "country_code": "IN",
    "lat": 23.886944,
    "lng": 91.240556
  },
  {
    "id": "City:agra_in",
    "name": "Agra",
    "slug": "agra-india",
    "type": "City",
    "code": null,
    "city": null,
    "country": "India",
    "country_code": "IN",
    "lat": 27.17667,
    "lng": 78.008074
  },
  {
    "id": "Station:airport:AGR",
    "name": "Agra",
    "slug": "agra-agra-india",
    "type": "AIRPORT",
    "code": null,
    "city": "Agra",
    "country": "India",
    "country_code": "IN",
    "lat": 27.155833,
    "lng": 77.960833
  },
  {
    "id": "City:aguadilla_pr_pr",
    "name": "Aguadilla",
    "slug": "aguadilla-puerto-rico-united-states",
    "type": "City",
    "code": null,
    "city": null,
    "country": "United States",
    "country_code": "US",
    "lat": 18.427445,
    "lng": -67.15407
  },
  {
    "id": "Station:airport:BQN",
    "name": "Aguadilla Rafael Hernandez",
    "slug": "aguadilla-rafael-hernandez-aguadilla-puerto-rico-united-states",
    "type": "AIRPORT",
    "code": null,
    "city": "Aguadilla",
    "country": "United States",
    "country_code": "US",
    "lat": 18.495,
    "lng": -67.129444
  },
  {
    "id": "Subdivision:AG_MX",
    "name": "Aguascalientes",
    "slug": "aguascalientes-mexico-1",
    "type": "Subdivision",
    "code": null,
    "city": null,
    "country": null,
    "country_code": null,
    "lat": 22.041554,
    "lng": -102.317393
  },
  {
    "id": "City:aguascalientes_mx",
    "name": "Aguascalientes",
    "slug": "aguascalientes-mexico",
    "type": "City",
    "code": null,
    "city": null,
    "country": "Mexico",
    "country_code": "MX",
    "lat": 21.885256,
    "lng": -102.291568
  },
  {
    "id": "Station:airport:AGU",
    "name": "Aguascalientes International",
    "slug": "aguascalientes-international-aguascalientes-mexico",
    "type": "AIRPORT",
    "code": null,
    "city": "Aguascalientes",
    "country": "Mexico",
    "country_code": "MX",
    "lat": 21.705556,
    "lng": -102.31778
  },
  {
    "id": "Station:airport:TMR",
    "name": "Aguenar \u2013 Hadj Bey Akhamok",
    "slug": "aguenar-hadj-bey-akhamok-tamanrasset-algeria",
    "type": "AIRPORT",
    "code": null,
    "city": "Tamanrasset",
    "country": "Algeria",
    "country_code": "DZ",
    "lat": 22.811389,
    "lng": 5.451111
  },
  {
    "id": "Station:airport:AHE",
    "name": "Ahe",
    "slug": "ahe-ahe-french-polynesia",
    "type": "AIRPORT",
    "code": null,
    "city": "Ahe",
    "country": "French Polynesia",
    "country_code": "PF",
    "lat": -14.428056,
    "lng": -146.25694
  },
  {
    "id": "Station:airport:SRG",
    "name": "Ahmad Yani International",
    "slug": "ahmad-yani-international-semarang-indonesia",
    "type": "AIRPORT",
    "code": null,
    "city": "Semarang",
    "country": "Indonesia",
    "country_code": "ID",
    "lat": -6.971389,
    "lng": 110.374167
  },
  {
    "id": "City:ahmedabad_in",
    "name": "Ahmedabad",
    "slug": "ahmedabad-india",
    "type": "City",
    "code": null,
    "city": null,
    "country": "India",
    "country_code": "IN",
    "lat": 23.022505,
    "lng": 72.571362
  },
  {
    "id": "TouristRegion:aichi_poi",
    "name": "Aichi",
    "slug": "aichi",
    "type": "TouristRegion",
    "code": null,
    "city": null,
    "country": null,
    "country_code": null,
    "lat": null,
    "lng": null
  },
  {
    "id": "Subdivision:AI_JP",
    "name": "Aichi Prefecture",
    "slug": "aichi-prefecture-japan",
    "type": "Subdivision",
    "code": null,
    "city": null,
    "country": null,
    "country_code": null,
    "lat": 34.852519,
    "lng": 137.151947
  },
  {
    "id": "POI:aiguille-du-midi-france_poi",
    "name": "Aiguille Du Midi, France",
    "slug": "aiguille-du-midi",
    "type": "POI",
    "code": null,
    "city": null,
    "country": null,
    "country_code": null,
    "lat": 45.878658,
    "lng": 6.888043
  },
  {
    "id": "Station:airport:QSF",
    "name": "Ain Arnat",
    "slug": "ain-arnat-setif-algeria",
    "type": "AIRPORT",
    "code": null,
    "city": "S\u00e9tif",
    "country": "Algeria",
    "country_code": "DZ",
    "lat": 36.178056,
    "lng": 5.324444
  },
  {
    "id": "Station:airport:OGX",
    "name": "Ain Beida",
    "slug": "ain-beida-ouargla-algeria",
    "type": "AIRPORT",
    "code": null,
    "city": "Ouargla",
    "country": "Algeria",
    "country_code": "DZ",
    "lat": 31.923889,
    "lng": 5.410556
  },
  {
    "id": "Station:airport:HDS",
    "name": "Air Force Base Hoedspruit",
    "slug": "air-force-base-hoedspruit-hoedspruit-south-africa",
    "type": "AIRPORT",
    "code": null,
    "city": "Hoedspruit, Limpopo",
    "country": "South Africa",
    "country_code": "ZA",
    "lat": -24.358049,
    "lng": 31.039203
  },
  {
    "id": "Station:airport:CPH",
    "name": "Airport Copenhagen",
    "slug": "copenhagen-copenhagen-denmark",
    "type": "AIRPORT",
    "code": null,
    "city": "Copenhagen",
    "country": "Denmark",
    "country_code": "DK",
    "lat": 55.620278,
    "lng": 12.650278
  },
  {
    "id": "City:aitutaki_ck",
    "name": "Aitutaki",
    "slug": "aitutaki-cook-islands",
    "type": "City",
    "code": null,
    "city": null,
    "country": "Cook Islands",
    "country_code": "CK",
    "lat": -18.857952,
    "lng": -159.785284
  },
  {
    "id": "City:ajaccio_fr",
    "name": "Ajaccio",
    "slug": "ajaccio-france",
    "type": "City",
    "code": null,
    "city": null,
    "country": "France",
    "country_code": "FR",
    "lat": 41.919229,
    "lng": 8.738635
  },
  {
    "id": "Station:airport:AJA",
    "name": "Ajaccio Napoleon Bonaparte",
    "slug": "ajaccio-napoleon-bonaparte-ajaccio-france",
    "type": "AIRPORT",
    "code": null,
    "city": "Ajaccio",
    "country": "France",
    "country_code": "FR",
    "lat": 41.923889,
    "lng": 8.8025
  },
  {
    "id": "Station:airport:ENU",
    "name": "Akanu Ibiam International",
    "slug": "akanu-ibiam-international-enugu-nigeria",
    "type": "AIRPORT",
    "code": null,
    "city": "Enugu",
    "country": "Nigeria",
    "country_code": "NG",
    "lat": 6.474167,
    "lng": 7.561944
  },
  {
    "id": "City:akita_jp",
    "name": "Akita",
    "slug": "akita-japan",
    "type": "City",
    "code": null,
    "city": null,
    "country": "Japan",
    "country_code": "JP",
    "lat": 39.719922,
    "lng": 140.10357
  },
  {
    "id": "Station:airport:AXT",
    "name": "Akita",
    "slug": "akita-akita-japan",
    "type": "AIRPORT",
    "code": null,
    "city": "Akita",
    "country": "Japan",
    "country_code": "JP",
    "lat": 39.615556,
    "lng": 140.218611
  },
  {
    "id": "Subdivision:AK_JP",
    "name": "Akita Prefecture",
    "slug": "akita-prefecture-japan",
    "type": "Subdivision",
    "code": null,
    "city": null,
    "country": null,
    "country_code": null,
    "lat": 39.696751,
    "lng": 140.088048
  },
  {
    "id": "City:akron_oh_us",
    "name": "Akron",
    "slug": "akron-ohio-united-states",
    "type": "City",
    "code": null,
    "city": null,
    "country": "United States",
    "country_code": "US",
    "lat": 41.081445,
    "lng": -81.519005
  },
  {
    "id": "Station:airport:CAK",
    "name": "Akron\u2013Canton",
    "slug": "akron-canton-akron-ohio-united-states",
    "type": "AIRPORT",
    "code": null,
    "city": "Akron",
    "country": "United States",
    "country_code": "US",
    "lat": 40.916111,
    "lng": -81.442222
  },
  {
    "id": "City:aksu_cn",
    "name": "Aksu City",
    "slug": "aksu-city-china",
    "type": "City",
    "code": null,
    "city": null,
    "country": "China",
    "country_code": "CN",
    "lat": 41.167548,
    "lng": 80.263387
  }
]